tattoo,date,count
19988,2019-04-20,2
27718,2019-04-20,3
19988,2019-04-20,4
27718,2019-04-20,2
19988,2019-04-20,2
27718,2019-04-20,2
19988,2019-04-20,1
27718,2019-04-20,2
19988,2019-04-20,2
27718,2019-04-20,3
19988,2019-04-20,1
27718,2019-04-20,2
19988,2019-04-20,1
27718,2019-04-20,5
19988,2019-04-20,1
27718,2019-04-20,1
19988,2019-04-20,6
27718,2019-04-20,1
19988,2019-04-20,1
27718,2019-04-20,2
19988,2019-04-20,1
27718,2019-04-20,4
19988,2019-04-20,5
27718,2019-04-20,2
19988,2019-04-20,2
27718,2019-04-20,3
19988,2019-04-20,1
27718,2019-04-20,1
19988,2019-04-20,2
27718,2019-04-20,3
19988,2019-04-20,1
27718,2019-04-20,1
19988,2019-04-20,1
27718,2019-04-20,2
19988,2019-04-20,4
27718,2019-04-20,1
19988,2019-04-20,5
27718,2019-04-20,2
19988,2019-04-20,4
27718,2019-04-20,2
19988,2019-04-20,3
27718,2019-04-20,2
19988,2019-04-20,58
38508,2019-04-20,2
19988,2019-04-20,1
38508,2019-04-20,1
19988,2019-04-20,2
38508,2019-04-20,1
19988,2019-04-20,2
38508,2019-04-20,2
19988,2019-04-20,1
38508,2019-04-20,166
38058,2019-04-20,1
38508,2019-04-20,2
25168,2019-04-20,1
38508,2019-04-20,2
25168,2019-04-20,1
38508,2019-04-20,2
25168,2019-04-20,3
38058,2019-04-20,1
25168,2019-04-20,185
70568,2019-04-20,2
25168,2019-04-20,1
70568,2019-04-20,198
70578,2019-04-20,199
30234,2019-04-20,14
30254,2019-04-20,1
30234,2019-04-20,1
30254,2019-04-20,1
30234,2019-04-20,7
30254,2019-04-20,1
30234,2019-04-20,13
30254,2019-04-20,2
30234,2019-04-20,54
25168,2019-04-20,1
30234,2019-04-20,21
25168,2019-04-20,1
30234,2019-04-20,50
88068,2019-04-20,1
30234,2019-04-20,10
88068,2019-04-20,33
30234,2019-04-20,4
30254,2019-04-20,1
30234,2019-04-20,7
30274,2019-04-20,1
30234,2019-04-20,7
88068,2019-04-20,163
84348,2019-04-20,167
71148,2019-04-20,1
84348,2019-04-20,34
84358,2019-04-20,1
48048,2019-04-20,12
84358,2019-04-20,1
48048,2019-04-20,45
80318,2019-04-20,1
48048,2019-04-20,140
86568,2019-04-20,9
48048,2019-04-20,1
86568,2019-04-20,1
48048,2019-04-20,1
86568,2019-04-20,81
25168,2019-04-20,1
86568,2019-04-20,106
80368,2019-04-20,9
89648,2019-04-20,200
80368,2019-04-20,3
80318,2019-04-20,1
89648,2019-04-20,1
80368,2019-04-20,2
80318,2019-04-20,1
80368,2019-04-20,11
80318,2019-04-20,1
80368,2019-04-20,16
80318,2019-04-20,2
80368,2019-04-20,2
80318,2019-04-20,5
80368,2019-04-20,1
80318,2019-04-20,1
80368,2019-04-20,1
80318,2019-04-20,1
80368,2019-04-20,2
80318,2019-04-20,1
80368,2019-04-20,3
25168,2019-04-20,1
80318,2019-04-20,2
80368,2019-04-20,12
80318,2019-04-20,1
80368,2019-04-20,1
80318,2019-04-20,1
80368,2019-04-20,1
80318,2019-04-20,1
80368,2019-04-20,3
80318,2019-04-20,1
80368,2019-04-20,3
80318,2019-04-20,1
80368,2019-04-20,3
80318,2019-04-20,1
80368,2019-04-20,3
80318,2019-04-20,1
80368,2019-04-20,2
80318,2019-04-20,2
80368,2019-04-20,2
80318,2019-04-20,1
80368,2019-04-20,5
80318,2019-04-20,1
80368,2019-04-20,1
80318,2019-04-20,1
80368,2019-04-20,2
80318,2019-04-20,1
80368,2019-04-20,2
80318,2019-04-20,2
80368,2019-04-20,1
80318,2019-04-20,1
80368,2019-04-20,1
80318,2019-04-20,1
80368,2019-04-20,1
80318,2019-04-20,1
80368,2019-04-20,1
80318,2019-04-20,1
80368,2019-04-20,2
80318,2019-04-20,3
80368,2019-04-20,3
80318,2019-04-20,1
80368,2019-04-20,1
80318,2019-04-20,1
80368,2019-04-20,2
80318,2019-04-20,1
80368,2019-04-20,1
80318,2019-04-20,1
80368,2019-04-20,6
80318,2019-04-20,1
88068,2019-04-20,1
80368,2019-04-20,1
80318,2019-04-20,1
80368,2019-04-20,3
80318,2019-04-20,1
80368,2019-04-20,1
80318,2019-04-20,2
80368,2019-04-20,3
80318,2019-04-20,1
80368,2019-04-20,3
80318,2019-04-20,2
80368,2019-04-20,3
80318,2019-04-20,1
80368,2019-04-20,3
80318,2019-04-20,5
80368,2019-04-20,1
80318,2019-04-20,1
80368,2019-04-20,9
80518,2019-04-20,11
80568,2019-04-20,1
80368,2019-04-20,1
80518,2019-04-20,7
80568,2019-04-20,1
88068,2019-04-20,1
80568,2019-04-20,1
80368,2019-04-20,1
80518,2019-04-20,8
80368,2019-04-20,1
80518,2019-04-20,1
80568,2019-04-20,1
80518,2019-04-20,2
80628,2019-04-20,1
80518,2019-04-20,7
80568,2019-04-20,3
80518,2019-04-20,25
80568,2019-04-20,1
80518,2019-04-20,2
80568,2019-04-20,2
80518,2019-04-20,1
80568,2019-04-20,1
80518,2019-04-20,1
88068,2019-04-20,1
80518,2019-04-20,1
80568,2019-04-20,1
80518,2019-04-20,2
80568,2019-04-20,1
80518,2019-04-20,6
80568,2019-04-20,1
80518,2019-04-20,2
80568,2019-04-20,1
80518,2019-04-20,1
80568,2019-04-20,1
80518,2019-04-20,2
80568,2019-04-20,1
80518,2019-04-20,11
80568,2019-04-20,1
80518,2019-04-20,6
80568,2019-04-20,2
80518,2019-04-20,2
80568,2019-04-20,1
80518,2019-04-20,1
80568,2019-04-20,1
80628,2019-04-20,1
80568,2019-04-20,1
80518,2019-04-20,7
80568,2019-04-20,2
80518,2019-04-20,1
80568,2019-04-20,2
80518,2019-04-20,1
80568,2019-04-20,1
80518,2019-04-20,2
80568,2019-04-20,1
80518,2019-04-20,1
80568,2019-04-20,3
80518,2019-04-20,1
80568,2019-04-20,1
80518,2019-04-20,4
80568,2019-04-20,1
80518,2019-04-20,2
80568,2019-04-20,1
80518,2019-04-20,3
80568,2019-04-20,1
80518,2019-04-20,2
80568,2019-04-20,1
80518,2019-04-20,6
80568,2019-04-20,1
80518,2019-04-20,3
80568,2019-04-20,4
80518,2019-04-20,2
80568,2019-04-20,1
80628,2019-04-20,1
80518,2019-04-20,7
80628,2019-04-20,1
80518,2019-04-20,1
80628,2019-04-20,1
80518,2019-04-20,2
30084,2019-04-20,1
80518,2019-04-20,2
30004,2019-04-20,2
30084,2019-04-20,1
30004,2019-04-20,11
30084,2019-04-20,1
30004,2019-04-20,4
30084,2019-04-20,1
30004,2019-04-20,1
30084,2019-04-20,1
30004,2019-04-20,4
80518,2019-04-20,1
30004,2019-04-20,3
30084,2019-04-20,1
30004,2019-04-20,2
30084,2019-04-20,1
30004,2019-04-20,4
30084,2019-04-20,1
30004,2019-04-20,5
30084,2019-04-20,1
30004,2019-04-20,2
30084,2019-04-20,1
30004,2019-04-20,3
30084,2019-04-20,1
30004,2019-04-20,1
30084,2019-04-20,1
30004,2019-04-20,7
30084,2019-04-20,1
30004,2019-04-20,2
30084,2019-04-20,1
30004,2019-04-20,8
30084,2019-04-20,1
30004,2019-04-20,1
30084,2019-04-20,1
30004,2019-04-20,6
30084,2019-04-20,1
30004,2019-04-20,70
30084,2019-04-20,1
30004,2019-04-20,3
30084,2019-04-20,1
30004,2019-04-20,28
30084,2019-04-20,1
30004,2019-04-20,2
30084,2019-04-20,1
80518,2019-04-20,1
30084,2019-04-20,1
80518,2019-04-20,9
80518,2019-04-20,15
89648,2019-04-20,1
80518,2019-04-20,9
30084,2019-04-20,1
80518,2019-04-20,100
30084,2019-04-20,1
80518,2019-04-20,77
86558,2019-04-20,8
86518,2019-04-20,1
86558,2019-04-20,2
86518,2019-04-20,6
86558,2019-04-20,1
86518,2019-04-20,5
86558,2019-04-20,3
86518,2019-04-20,6
86558,2019-04-20,3
86518,2019-04-20,27
86558,2019-04-20,23
86518,2019-04-20,13
86558,2019-04-20,3
86518,2019-04-20,3
86558,2019-04-20,1
86518,2019-04-20,1
86558,2019-04-20,4
86518,2019-04-20,3
86558,2019-04-20,1
86518,2019-04-20,1
86558,2019-04-20,3
86518,2019-04-20,1
86558,2019-04-20,1
86518,2019-04-20,1
86558,2019-04-20,4
86518,2019-04-20,1
86558,2019-04-20,5
86518,2019-04-20,6
86558,2019-04-20,7
86518,2019-04-20,4
86558,2019-04-20,6
86518,2019-04-20,4
86558,2019-04-20,10
86518,2019-04-20,9
86558,2019-04-20,1
86518,2019-04-20,4
86558,2019-04-20,1
86518,2019-04-20,2
86528,2019-04-20,1
86518,2019-04-20,1
86528,2019-04-20,1
86558,2019-04-20,2
86528,2019-04-20,187
86528,2019-04-20,188
86568,2019-04-20,2
86558,2019-04-20,1
80628,2019-04-20,52
30084,2019-04-20,1
80628,2019-04-20,13
30084,2019-04-20,1
80628,2019-04-20,45
86558,2019-04-20,1
80628,2019-04-20,83
35448,2019-04-20,10
80628,2019-04-20,1
35448,2019-04-20,1
44438,2019-04-20,2
35448,2019-04-20,1
44438,2019-04-20,3
35448,2019-04-20,140
44438,2019-04-20,2
46006,2019-04-20,1
85056,2019-04-20,2
46006,2019-04-20,18
86558,2019-04-20,1
46006,2019-04-20,16
86558,2019-04-20,1
46006,2019-04-20,17
86558,2019-04-20,1
46006,2019-04-20,3
85056,2019-04-20,1
46006,2019-04-20,2
85056,2019-04-20,1
46006,2019-04-20,11
85056,2019-04-20,2
46006,2019-04-20,1
85056,2019-04-20,2
46006,2019-04-20,2
85056,2019-04-20,3
46006,2019-04-20,1
85056,2019-04-20,1
46006,2019-04-20,2
86558,2019-04-20,1
85056,2019-04-20,2
46006,2019-04-20,1
85056,2019-04-20,8
46006,2019-04-20,1
85056,2019-04-20,4
46006,2019-04-20,2
85056,2019-04-20,1
46006,2019-04-20,2
85056,2019-04-20,2
46006,2019-04-20,1
85056,2019-04-20,4
46006,2019-04-20,1
85056,2019-04-20,1
46006,2019-04-20,3
85056,2019-04-20,49
74776,2019-04-20,46
86558,2019-04-20,1
74776,2019-04-20,3
86558,2019-04-20,1
74776,2019-04-20,130
89728,2019-04-20,1
74776,2019-04-20,34
71148,2019-04-20,24
77778,2019-04-20,70
71168,2019-04-20,1
77778,2019-04-20,4
71148,2019-04-20,2
77778,2019-04-20,3
71148,2019-04-20,2
77778,2019-04-20,3
71168,2019-04-20,1
77778,2019-04-20,2
71148,2019-04-20,1
71168,2019-04-20,2
77778,2019-04-20,5
71168,2019-04-20,1
77778,2019-04-20,3
71168,2019-04-20,2
77778,2019-04-20,1
71148,2019-04-20,2
71168,2019-04-20,2
71148,2019-04-20,1
71168,2019-04-20,1
71148,2019-04-20,1
71168,2019-04-20,2
77778,2019-04-20,1
71168,2019-04-20,1
71148,2019-04-20,3
71168,2019-04-20,4
71148,2019-04-20,1
71168,2019-04-20,1
71148,2019-04-20,7
77778,2019-04-20,1
71148,2019-04-20,5
71168,2019-04-20,1
71148,2019-04-20,58
50578,2019-04-20,10
71148,2019-04-20,1
50578,2019-04-20,1
63058,2019-04-20,87
50578,2019-04-20,2
63058,2019-04-20,2
50578,2019-04-20,1
71148,2019-04-20,1
50578,2019-04-20,126
71148,2019-04-20,1
50578,2019-04-20,1
71148,2019-04-20,1
50578,2019-04-20,21
20818,2019-04-20,1
50578,2019-04-20,2
20818,2019-04-20,1
50578,2019-04-20,5
86558,2019-04-20,1
50578,2019-04-20,1
20818,2019-04-20,1
50578,2019-04-20,1
20818,2019-04-20,2
50578,2019-04-20,4
20818,2019-04-20,1
50578,2019-04-20,3
20818,2019-04-20,3
50578,2019-04-20,1
20818,2019-04-20,2
50578,2019-04-20,2
20818,2019-04-20,1
50578,2019-04-20,4
20818,2019-04-20,17
71168,2019-04-20,1
20818,2019-04-20,177
90508,2019-04-20,3
83828,2019-04-20,1
90508,2019-04-20,5
20818,2019-04-20,2
90508,2019-04-20,113
83828,2019-04-20,1
90508,2019-04-20,22
83918,2019-04-20,1
90508,2019-04-20,8
83918,2019-04-20,13
83828,2019-04-20,2
83918,2019-04-20,2
83828,2019-04-20,1
83918,2019-04-20,22
83828,2019-04-20,1
83918,2019-04-20,6
83828,2019-04-20,9
83918,2019-04-20,1
83828,2019-04-20,7
83918,2019-04-20,1
83828,2019-04-20,5
83918,2019-04-20,4
83828,2019-04-20,5
83918,2019-04-20,1
83828,2019-04-20,1
83918,2019-04-20,1
83828,2019-04-20,2
83918,2019-04-20,2
83828,2019-04-20,1
83918,2019-04-20,5
83828,2019-04-20,1
83918,2019-04-20,1
83828,2019-04-20,1
83918,2019-04-20,1
83828,2019-04-20,1
83918,2019-04-20,1
83828,2019-04-20,1
83918,2019-04-20,2
83828,2019-04-20,2
83918,2019-04-20,2
83828,2019-04-20,1
83918,2019-04-20,1
83828,2019-04-20,1
83918,2019-04-20,7
83828,2019-04-20,75
59598,2019-04-20,1
83828,2019-04-20,1
59598,2019-04-20,16
83828,2019-04-20,1
59598,2019-04-20,1
83828,2019-04-20,1
59598,2019-04-20,111
83828,2019-04-20,1
59598,2019-04-20,16
83848,2019-04-20,1
59598,2019-04-20,24
83848,2019-04-20,1
59598,2019-04-20,1
83848,2019-04-20,1
59598,2019-04-20,1
83848,2019-04-20,2
59598,2019-04-20,3
83848,2019-04-20,165
66134,2019-04-20,1
83848,2019-04-20,28
38058,2019-04-20,2
83848,2019-04-20,1
38058,2019-04-20,82
84358,2019-04-20,1
38058,2019-04-20,11
66134,2019-04-20,1
38058,2019-04-20,33
86938,2019-04-20,1
38058,2019-04-20,46
66124,2019-04-20,1
38058,2019-04-20,1
66124,2019-04-20,1
38058,2019-04-20,1
66124,2019-04-20,2
38058,2019-04-20,1
66124,2019-04-20,5
38058,2019-04-20,1
66134,2019-04-20,2
66124,2019-04-20,3
66184,2019-04-20,1
66134,2019-04-20,2
66184,2019-04-20,1
66174,2019-04-20,1
66184,2019-04-20,1
66124,2019-04-20,1
66184,2019-04-20,1
66134,2019-04-20,2
66124,2019-04-20,1
66134,2019-04-20,2
66124,2019-04-20,2
66184,2019-04-20,1
66124,2019-04-20,1
66184,2019-04-20,2
66134,2019-04-20,1
66174,2019-04-20,1
66124,2019-04-20,1
66134,2019-04-20,1
66124,2019-04-20,2
66184,2019-04-20,1
66124,2019-04-20,1
66184,2019-04-20,1
66134,2019-04-20,1
66124,2019-04-20,2
66134,2019-04-20,2
66184,2019-04-20,1
66174,2019-04-20,1
66124,2019-04-20,2
66184,2019-04-20,2
66124,2019-04-20,4
66134,2019-04-20,1
66124,2019-04-20,1
66134,2019-04-20,1
66184,2019-04-20,1
66134,2019-04-20,1
66174,2019-04-20,1
66184,2019-04-20,1
66134,2019-04-20,1
66174,2019-04-20,1
66134,2019-04-20,2
66184,2019-04-20,1
66124,2019-04-20,1
66174,2019-04-20,1
66124,2019-04-20,2
66134,2019-04-20,1
66174,2019-04-20,1
66134,2019-04-20,1
66124,2019-04-20,1
66174,2019-04-20,1
66124,2019-04-20,2
66184,2019-04-20,1
66124,2019-04-20,1
66174,2019-04-20,1
66124,2019-04-20,3
66134,2019-04-20,1
66124,2019-04-20,2
66174,2019-04-20,1
66184,2019-04-20,1
66124,2019-04-20,1
66174,2019-04-20,1
66124,2019-04-20,5
66174,2019-04-20,1
66124,2019-04-20,1
66174,2019-04-20,1
66124,2019-04-20,5
66174,2019-04-20,1
66124,2019-04-20,1
66174,2019-04-20,2
66124,2019-04-20,1
66174,2019-04-20,1
66124,2019-04-20,2
66184,2019-04-20,1
66124,2019-04-20,1
66184,2019-04-20,1
66174,2019-04-20,1
66124,2019-04-20,1
66184,2019-04-20,1
66174,2019-04-20,1
66124,2019-04-20,2
66134,2019-04-20,1
66124,2019-04-20,1
66174,2019-04-20,3
66184,2019-04-20,1
66124,2019-04-20,1
66184,2019-04-20,1
66124,2019-04-20,1
86938,2019-04-20,1
66124,2019-04-20,1
66184,2019-04-20,2
66174,2019-04-20,1
66184,2019-04-20,1
66174,2019-04-20,1
66124,2019-04-20,2
66134,2019-04-20,1
66124,2019-04-20,1
66174,2019-04-20,1
66184,2019-04-20,2
66124,2019-04-20,1
66184,2019-04-20,1
66124,2019-04-20,2
66174,2019-04-20,1
66124,2019-04-20,1
66174,2019-04-20,1
66124,2019-04-20,3
66134,2019-04-20,1
66124,2019-04-20,1
66174,2019-04-20,4
66184,2019-04-20,1
66174,2019-04-20,1
66184,2019-04-20,1
66174,2019-04-20,1
66124,2019-04-20,1
66184,2019-04-20,1
66124,2019-04-20,1
66184,2019-04-20,1
66124,2019-04-20,1
66174,2019-04-20,1
66124,2019-04-20,2
66184,2019-04-20,1
66174,2019-04-20,1
66124,2019-04-20,1
66184,2019-04-20,1
66124,2019-04-20,1
66174,2019-04-20,3
66124,2019-04-20,3
66174,2019-04-20,1
66134,2019-04-20,1
66124,2019-04-20,1
66174,2019-04-20,2
66124,2019-04-20,1
66184,2019-04-20,1
66134,2019-04-20,1
66124,2019-04-20,1
66134,2019-04-20,1
66124,2019-04-20,1
66174,2019-04-20,1
66124,2019-04-20,2
66184,2019-04-20,1
66124,2019-04-20,1
66134,2019-04-20,2
82828,2019-04-20,2
66134,2019-04-20,1
82828,2019-04-20,5
86938,2019-04-20,1
82828,2019-04-20,64
83828,2019-04-20,1
82828,2019-04-20,122
86928,2019-04-20,13
82828,2019-04-20,1
86928,2019-04-20,22
86938,2019-04-20,1
86928,2019-04-20,3
86938,2019-04-20,2
86928,2019-04-20,4
86938,2019-04-20,2
86938,2019-04-20,1
86928,2019-04-20,1
86938,2019-04-20,1
86928,2019-04-20,3
86938,2019-04-20,2
86928,2019-04-20,1
86938,2019-04-20,1
86928,2019-04-20,4
86938,2019-04-20,6
86928,2019-04-20,7
86938,2019-04-20,3
86928,2019-04-20,25
86938,2019-04-20,2
86938,2019-04-20,7
82528,2019-04-20,1
86938,2019-04-20,1
86938,2019-04-20,5
82528,2019-04-20,1
86938,2019-04-20,1
82528,2019-04-20,1
86938,2019-04-20,3
86938,2019-04-20,2
86938,2019-04-20,2
86938,2019-04-20,1
86938,2019-04-20,1
86938,2019-04-20,8
82528,2019-04-20,1
86938,2019-04-20,5
86938,2019-04-20,1
86938,2019-04-20,2
86938,2019-04-20,1
86938,2019-04-20,12
86938,2019-04-20,1
86938,2019-04-20,19
82528,2019-04-20,1
86938,2019-04-20,39
86938,2019-04-20,5
82528,2019-04-20,1
86938,2019-04-20,74
82528,2019-04-20,1
86938,2019-04-20,90
82528,2019-04-20,78
87568,2019-04-20,1
82528,2019-04-20,35
84358,2019-04-20,1
82528,2019-04-20,6
84358,2019-04-20,1
82528,2019-04-20,42
84358,2019-04-20,1
82528,2019-04-20,20
84358,2019-04-20,1
82528,2019-04-20,7
84358,2019-04-20,84
87568,2019-04-20,1
84358,2019-04-20,16
87568,2019-04-20,1
84358,2019-04-20,30
87568,2019-04-20,1
84358,2019-04-20,1
87568,2019-04-20,1
84358,2019-04-20,10
87568,2019-04-20,1
84358,2019-04-20,37
89728,2019-04-20,1
84358,2019-04-20,7
89728,2019-04-20,2
84358,2019-04-20,3
87568,2019-04-20,11
89728,2019-04-20,1
87568,2019-04-20,2
89728,2019-04-20,1
87568,2019-04-20,159
89728,2019-04-20,2
87568,2019-04-20,15
89728,2019-04-20,2
87568,2019-04-20,1
89728,2019-04-20,3
87568,2019-04-20,1
89728,2019-04-20,1
87568,2019-04-20,2
89728,2019-04-20,9
EXTRA,2019-04-20,1
89728,2019-04-20,1
EXTRA,2019-04-20,1
89728,2019-04-20,7
EXTRA,2019-04-20,1
89728,2019-04-20,4
87568,2019-04-20,1
89728,2019-04-20,31
EXTRA,2019-04-20,1
89728,2019-04-20,6
EXTRA,2019-04-20,1
89728,2019-04-20,53
EXTRA,2019-04-20,1
89728,2019-04-20,64
EXTRA,2019-04-20,1
89728,2019-04-20,11
86938,2019-04-22,105
80848,2019-04-22,1
86938,2019-04-22,43
80418,2019-04-22,1
86938,2019-04-22,45
86938,2019-04-22,193
80848,2019-04-22,23
86938,2019-04-22,1
80848,2019-04-22,171
80848,2019-04-22,21
86938,2019-04-22,1
80848,2019-04-22,147
80418,2019-04-22,1
80848,2019-04-22,27
80848,2019-04-22,8
80418,2019-04-22,1
80848,2019-04-22,10
80418,2019-04-22,1
80848,2019-04-22,112
80418,2019-04-22,1
80848,2019-04-22,63
86938,2019-04-22,1
80848,2019-04-22,1
86938,2019-04-22,2
80418,2019-04-22,182
82918,2019-04-22,3
80418,2019-04-22,2
82918,2019-04-22,2
81368,2019-04-22,1
82918,2019-04-22,13
89728,2019-04-22,1
82918,2019-04-22,27
89728,2019-04-22,1
82918,2019-04-22,25
89728,2019-04-22,1
82918,2019-04-22,122
80518,2019-04-22,63
80518,2019-04-22,1
80518,2019-04-22,51
82918,2019-04-22,2
80518,2019-04-22,3
82918,2019-04-22,1
80518,2019-04-22,3
89728,2019-04-22,1
80518,2019-04-22,62
81328,2019-04-22,1
80518,2019-04-22,3
81328,2019-04-22,1
80518,2019-04-22,2
80518,2019-04-22,1
81328,2019-04-22,1
80518,2019-04-22,1
81328,2019-04-22,1
80518,2019-04-22,9
81328,2019-04-22,25
80518,2019-04-22,1
81328,2019-04-22,110
81368,2019-04-22,1
81328,2019-04-22,41
81368,2019-04-22,2
81328,2019-04-22,1
81368,2019-04-22,1
81328,2019-04-22,4
81368,2019-04-22,2
81328,2019-04-22,2
81368,2019-04-22,1
81328,2019-04-22,14
81368,2019-04-22,4
81328,2019-04-22,3
81368,2019-04-22,1
81328,2019-04-22,2
89728,2019-04-22,1
81328,2019-04-22,1
81368,2019-04-22,2
81328,2019-04-22,3
89728,2019-04-22,1
81328,2019-04-22,12
81368,2019-04-22,2
81328,2019-04-22,16
81368,2019-04-22,3
81328,2019-04-22,24
81368,2019-04-22,2
81328,2019-04-22,2
81368,2019-04-22,1
81328,2019-04-22,5
89728,2019-04-22,1
81328,2019-04-22,30
81368,2019-04-22,1
81328,2019-04-22,38
81368,2019-04-22,9
80518,2019-04-22,1
81368,2019-04-22,5
80518,2019-04-22,1
84338,2019-04-22,1
80518,2019-04-22,1
80518,2019-04-22,1
80518,2019-04-22,51
15388,2019-04-22,1
80518,2019-04-22,11
80518,2019-04-22,1
80518,2019-04-22,6
80568,2019-04-22,2
80518,2019-04-22,85
15388,2019-04-22,1
80518,2019-04-22,31
15388,2019-04-22,1
80518,2019-04-22,5
84458,2019-04-22,4
84558,2019-04-22,2
84458,2019-04-22,2
84558,2019-04-22,1
84458,2019-04-22,1
84558,2019-04-22,2
84458,2019-04-22,2
84558,2019-04-22,3
84458,2019-04-22,8
84558,2019-04-22,11
84458,2019-04-22,2
84558,2019-04-22,4
84458,2019-04-22,3
84558,2019-04-22,4
84458,2019-04-22,2
84558,2019-04-22,11
84458,2019-04-22,2
84558,2019-04-22,25
84458,2019-04-22,1
84558,2019-04-22,5
84458,2019-04-22,1
84558,2019-04-22,7
84458,2019-04-22,2
84558,2019-04-22,7
84458,2019-04-22,2
84558,2019-04-22,1
84458,2019-04-22,4
84558,2019-04-22,6
84458,2019-04-22,14
15388,2019-04-22,1
84458,2019-04-22,5
84558,2019-04-22,6
84458,2019-04-22,5
84558,2019-04-22,2
84458,2019-04-22,1
84558,2019-04-22,6
84458,2019-04-22,7
84558,2019-04-22,2
84458,2019-04-22,7
89728,2019-04-22,200
89728,2019-04-22,2
80568,2019-04-22,79
80518,2019-04-22,2
80568,2019-04-22,4
80518,2019-04-22,5
80568,2019-04-22,3
80518,2019-04-22,2
80568,2019-04-22,1
80518,2019-04-22,1
80568,2019-04-22,1
80518,2019-04-22,2
80568,2019-04-22,1
80518,2019-04-22,2
80568,2019-04-22,2
80518,2019-04-22,3
80568,2019-04-22,1
80518,2019-04-22,7
80568,2019-04-22,1
80518,2019-04-22,2
80568,2019-04-22,1
80518,2019-04-22,10
80568,2019-04-22,3
80518,2019-04-22,3
80568,2019-04-22,1
80518,2019-04-22,5
80568,2019-04-22,1
80518,2019-04-22,1
80568,2019-04-22,1
80518,2019-04-22,1
80568,2019-04-22,1
80518,2019-04-22,3
80568,2019-04-22,1
80518,2019-04-22,8
80568,2019-04-22,2
80518,2019-04-22,2
80568,2019-04-22,1
80518,2019-04-22,2
80568,2019-04-22,3
80518,2019-04-22,1
80568,2019-04-22,2
80518,2019-04-22,1
80568,2019-04-22,1
80518,2019-04-22,11
82918,2019-04-22,1
80518,2019-04-22,10
82918,2019-04-22,2
80518,2019-04-22,1
82918,2019-04-22,1
80518,2019-04-22,1
82918,2019-04-22,6
15388,2019-04-22,1
82918,2019-04-22,13
15388,2019-04-22,1
82918,2019-04-22,46
80518,2019-04-22,1
82918,2019-04-22,53
25168,2019-04-22,1
82918,2019-04-22,38
25168,2019-04-22,1
82918,2019-04-22,37
84338,2019-04-22,48
25168,2019-04-22,1
84338,2019-04-22,151
84338,2019-04-22,2
89728,2019-04-22,114
25168,2019-04-22,1
89728,2019-04-22,43
25168,2019-04-22,1
89728,2019-04-22,33
84338,2019-04-22,55
66124,2019-04-22,1
84338,2019-04-22,129
80418,2019-04-22,1
84338,2019-04-22,12
84338,2019-04-22,193
83328,2019-04-22,5
84338,2019-04-22,2
25168,2019-04-22,1
84338,2019-04-22,3
83328,2019-04-22,58
25168,2019-04-22,1
83328,2019-04-22,16
83318,2019-04-22,6
83328,2019-04-22,48
25168,2019-04-22,1
83328,2019-04-22,17
25168,2019-04-22,1
15388,2019-04-22,75
25168,2019-04-22,1
15388,2019-04-22,14
25168,2019-04-22,1
15388,2019-04-22,13
25168,2019-04-22,1
15388,2019-04-22,13
25168,2019-04-22,1
15388,2019-04-22,8
25168,2019-04-22,1
15388,2019-04-22,1
25168,2019-04-22,1
15388,2019-04-22,32
25168,2019-04-22,1
15388,2019-04-22,4
25168,2019-04-22,1
15388,2019-04-22,25
65248,2019-04-22,2
15388,2019-04-22,9
65248,2019-04-22,1
25168,2019-04-22,29
65248,2019-04-22,1
25168,2019-04-22,8
65248,2019-04-22,1
25168,2019-04-22,9
65248,2019-04-22,1
83918,2019-04-22,2
25168,2019-04-22,1
65248,2019-04-22,2
25168,2019-04-22,1
65248,2019-04-22,1
25168,2019-04-22,2
65248,2019-04-22,1
25168,2019-04-22,2
83918,2019-04-22,1
25168,2019-04-22,16
83918,2019-04-22,1
25168,2019-04-22,1
65248,2019-04-22,1
25168,2019-04-22,5
83918,2019-04-22,2
25168,2019-04-22,3
83918,2019-04-22,1
25168,2019-04-22,3
83918,2019-04-22,1
25168,2019-04-22,14
83928,2019-04-22,1
25168,2019-04-22,3
83928,2019-04-22,1
25168,2019-04-22,2
83928,2019-04-22,1
25168,2019-04-22,3
83928,2019-04-22,2
25168,2019-04-22,6
65248,2019-04-22,1
83928,2019-04-22,1
65248,2019-04-22,2
83928,2019-04-22,1
25168,2019-04-22,2
83928,2019-04-22,1
25168,2019-04-22,3
65248,2019-04-22,1
65248,2019-04-22,1
25168,2019-04-22,3
65248,2019-04-22,2
65248,2019-04-22,1
25168,2019-04-22,3
65248,2019-04-22,1
25168,2019-04-22,4
65248,2019-04-22,1
65248,2019-04-22,1
83928,2019-04-22,1
25168,2019-04-22,1
65248,2019-04-22,1
25168,2019-04-22,2
65248,2019-04-22,4
25168,2019-04-22,1
65248,2019-04-22,5
25168,2019-04-22,1
65248,2019-04-22,1
25168,2019-04-22,1
65248,2019-04-22,1
25168,2019-04-22,1
83928,2019-04-22,1
65248,2019-04-22,1
25168,2019-04-22,3
83928,2019-04-22,1
65248,2019-04-22,3
25168,2019-04-22,1
83928,2019-04-22,1
25168,2019-04-22,1
65248,2019-04-22,1
25168,2019-04-22,2
83918,2019-04-22,5
83928,2019-04-22,1
83918,2019-04-22,17
83928,2019-04-22,1
83918,2019-04-22,25
83928,2019-04-22,1
83918,2019-04-22,7
83928,2019-04-22,1
83918,2019-04-22,9
83918,2019-04-22,1
83918,2019-04-22,2
83928,2019-04-22,1
83918,2019-04-22,10
83918,2019-04-22,1
83918,2019-04-22,26
83928,2019-04-22,1
83918,2019-04-22,50
83918,2019-04-22,1
83918,2019-04-22,34
83928,2019-04-22,1
83918,2019-04-22,1
83928,2019-04-22,1
83918,2019-04-22,4
83928,2019-04-22,1
83918,2019-04-22,8
83928,2019-04-22,1
83918,2019-04-22,2
83928,2019-04-22,14
83918,2019-04-22,1
83928,2019-04-22,1
83918,2019-04-22,1
83928,2019-04-22,16
83918,2019-04-22,1
83928,2019-04-22,2
83918,2019-04-22,1
83928,2019-04-22,5
83918,2019-04-22,1
83928,2019-04-22,1
83918,2019-04-22,1
83928,2019-04-22,1
83918,2019-04-22,3
83928,2019-04-22,2
83918,2019-04-22,1
83928,2019-04-22,5
83918,2019-04-22,1
83928,2019-04-22,6
83918,2019-04-22,1
83928,2019-04-22,2
83918,2019-04-22,2
83928,2019-04-22,4
83918,2019-04-22,2
83928,2019-04-22,1
83918,2019-04-22,1
83928,2019-04-22,2
83918,2019-04-22,3
83928,2019-04-22,2
83918,2019-04-22,1
83928,2019-04-22,1
83918,2019-04-22,1
66194,2019-04-22,1
83928,2019-04-22,1
83918,2019-04-22,3
83928,2019-04-22,2
83918,2019-04-22,2
66194,2019-04-22,1
83918,2019-04-22,9
66194,2019-04-22,1
83918,2019-04-22,4
83928,2019-04-22,1
83918,2019-04-22,11
70568,2019-04-22,2
83928,2019-04-22,1
83918,2019-04-22,2
70568,2019-04-22,1
83918,2019-04-22,4
83928,2019-04-22,1
83918,2019-04-22,9
83928,2019-04-22,1
83918,2019-04-22,1
83928,2019-04-22,1
70568,2019-04-22,2
83918,2019-04-22,2
70568,2019-04-22,1
83918,2019-04-22,6
83928,2019-04-22,1
83918,2019-04-22,11
83928,2019-04-22,2
83918,2019-04-22,2
70568,2019-04-22,2
83918,2019-04-22,3
83928,2019-04-22,1
65248,2019-04-22,11
65248,2019-04-22,4
83918,2019-04-22,1
65248,2019-04-22,9
70578,2019-04-22,1
65248,2019-04-22,16
83928,2019-04-22,1
65248,2019-04-22,25
83918,2019-04-22,1
65248,2019-04-22,44
83918,2019-04-22,1
65248,2019-04-22,42
13958,2019-04-22,1
65248,2019-04-22,38
70578,2019-04-22,1
65248,2019-04-22,1
70578,2019-04-22,1
65248,2019-04-22,1
70578,2019-04-22,1
65248,2019-04-22,2
70578,2019-04-22,1
65248,2019-04-22,3
70578,2019-04-22,1
66104,2019-04-22,2
66194,2019-04-22,4
66104,2019-04-22,1
66194,2019-04-22,1
66104,2019-04-22,2
66194,2019-04-22,1
66104,2019-04-22,1
66194,2019-04-22,1
66104,2019-04-22,1
66194,2019-04-22,1
66104,2019-04-22,2
66194,2019-04-22,2
66104,2019-04-22,1
66194,2019-04-22,3
66104,2019-04-22,2
66194,2019-04-22,4
66104,2019-04-22,3
66194,2019-04-22,1
66104,2019-04-22,1
66174,2019-04-22,1
66104,2019-04-22,13
66194,2019-04-22,1
66104,2019-04-22,1
66194,2019-04-22,2
66104,2019-04-22,1
66194,2019-04-22,1
66104,2019-04-22,3
66194,2019-04-22,3
66104,2019-04-22,4
66194,2019-04-22,3
66104,2019-04-22,2
83918,2019-04-22,1
66104,2019-04-22,5
66194,2019-04-22,1
66104,2019-04-22,4
66194,2019-04-22,2
66104,2019-04-22,2
66194,2019-04-22,1
66174,2019-04-22,1
66104,2019-04-22,1
66194,2019-04-22,1
66104,2019-04-22,8
13958,2019-04-22,1
66104,2019-04-22,4
66194,2019-04-22,1
66104,2019-04-22,1
66194,2019-04-22,1
66104,2019-04-22,3
66194,2019-04-22,1
66104,2019-04-22,1
66174,2019-04-22,1
66104,2019-04-22,2
66194,2019-04-22,1
66104,2019-04-22,20
66174,2019-04-22,1
66104,2019-04-22,7
66174,2019-04-22,1
66104,2019-04-22,1
66174,2019-04-22,1
66104,2019-04-22,5
66174,2019-04-22,2
66104,2019-04-22,3
66174,2019-04-22,1
66104,2019-04-22,1
66174,2019-04-22,1
66104,2019-04-22,1
66174,2019-04-22,1
66104,2019-04-22,1
66174,2019-04-22,1
66104,2019-04-22,8
66174,2019-04-22,1
66104,2019-04-22,1
66174,2019-04-22,3
66104,2019-04-22,1
66174,2019-04-22,1
66104,2019-04-22,1
66174,2019-04-22,1
66104,2019-04-22,1
66174,2019-04-22,1
66104,2019-04-22,5
66174,2019-04-22,1
66104,2019-04-22,1
66174,2019-04-22,1
66104,2019-04-22,14
66174,2019-04-22,1
66104,2019-04-22,2
66124,2019-04-22,1
66194,2019-04-22,5
66124,2019-04-22,1
66104,2019-04-22,1
66194,2019-04-22,1
66124,2019-04-22,1
66194,2019-04-22,2
66124,2019-04-22,1
66194,2019-04-22,2
66124,2019-04-22,6
66194,2019-04-22,2
66124,2019-04-22,1
13958,2019-04-22,1
66194,2019-04-22,1
66124,2019-04-22,1
66194,2019-04-22,2
66124,2019-04-22,2
66194,2019-04-22,1
66124,2019-04-22,3
66194,2019-04-22,14
66124,2019-04-22,1
66184,2019-04-22,1
66194,2019-04-22,7
13958,2019-04-22,1
66194,2019-04-22,2
66124,2019-04-22,1
66194,2019-04-22,1
66124,2019-04-22,1
66184,2019-04-22,2
66124,2019-04-22,1
66184,2019-04-22,1
66124,2019-04-22,1
66184,2019-04-22,1
66124,2019-04-22,1
66194,2019-04-22,1
66124,2019-04-22,1
66184,2019-04-22,1
66194,2019-04-22,1
66184,2019-04-22,1
66124,2019-04-22,2
66184,2019-04-22,1
66194,2019-04-22,1
66184,2019-04-22,1
66174,2019-04-22,2
66184,2019-04-22,1
66124,2019-04-22,2
66184,2019-04-22,1
66194,2019-04-22,2
66124,2019-04-22,2
66194,2019-04-22,1
66124,2019-04-22,2
66184,2019-04-22,1
66124,2019-04-22,1
66194,2019-04-22,1
66184,2019-04-22,4
66124,2019-04-22,1
66194,2019-04-22,3
66184,2019-04-22,1
66194,2019-04-22,2
66124,2019-04-22,1
66184,2019-04-22,1
66194,2019-04-22,1
66184,2019-04-22,1
66194,2019-04-22,3
66124,2019-04-22,4
66184,2019-04-22,2
66124,2019-04-22,4
66194,2019-04-22,1
66124,2019-04-22,1
66194,2019-04-22,2
13958,2019-04-22,1
66124,2019-04-22,2
66184,2019-04-22,1
66124,2019-04-22,1
66184,2019-04-22,1
66124,2019-04-22,1
66184,2019-04-22,7
66194,2019-04-22,1
66124,2019-04-22,1
66184,2019-04-22,2
66124,2019-04-22,1
66184,2019-04-22,2
66194,2019-04-22,1
66184,2019-04-22,3
66194,2019-04-22,1
66124,2019-04-22,2
66184,2019-04-22,1
66194,2019-04-22,1
66124,2019-04-22,2
66184,2019-04-22,1
66194,2019-04-22,1
66124,2019-04-22,2
66184,2019-04-22,1
66124,2019-04-22,1
66184,2019-04-22,2
66194,2019-04-22,1
66124,2019-04-22,2
66194,2019-04-22,2
66124,2019-04-22,2
66184,2019-04-22,4
66124,2019-04-22,2
66184,2019-04-22,1
66194,2019-04-22,1
66124,2019-04-22,4
66194,2019-04-22,1
66124,2019-04-22,1
66194,2019-04-22,1
66124,2019-04-22,2
66184,2019-04-22,2
66124,2019-04-22,1
66184,2019-04-22,2
66124,2019-04-22,1
66184,2019-04-22,1
66194,2019-04-22,2
70578,2019-04-22,1
66124,2019-04-22,1
70578,2019-04-22,1
66194,2019-04-22,2
70578,2019-04-22,8
70568,2019-04-22,25
13958,2019-04-22,2
70568,2019-04-22,42
13958,2019-04-22,1
70568,2019-04-22,25
86938,2019-04-22,1
70568,2019-04-22,49
86938,2019-04-22,1
70568,2019-04-22,29
20568,2019-04-22,1
70568,2019-04-22,6
82028,2019-04-22,1
70568,2019-04-22,15
70578,2019-04-22,11
82028,2019-04-22,1
70578,2019-04-22,15
82028,2019-04-22,1
70578,2019-04-22,59
70568,2019-04-22,1
70578,2019-04-22,43
82028,2019-04-22,1
70578,2019-04-22,49
13958,2019-04-22,1
70578,2019-04-22,1
13958,2019-04-22,1
82028,2019-04-22,1
70578,2019-04-22,1
13958,2019-04-22,1
70578,2019-04-22,4
13958,2019-04-22,30
70578,2019-04-22,1
13958,2019-04-22,31
82028,2019-04-22,1
13958,2019-04-22,2
82028,2019-04-22,1
13958,2019-04-22,20
82028,2019-04-22,1
13958,2019-04-22,1
82028,2019-04-22,1
13958,2019-04-22,58
82028,2019-04-22,1
13958,2019-04-22,3
47958,2019-04-22,22
13958,2019-04-22,1
47958,2019-04-22,58
77778,2019-04-22,2
47958,2019-04-22,1
77778,2019-04-22,2
47958,2019-04-22,1
77778,2019-04-22,3
13958,2019-04-22,1
47958,2019-04-22,1
77778,2019-04-22,3
47958,2019-04-22,1
77778,2019-04-22,2
13958,2019-04-22,1
77778,2019-04-22,7
47958,2019-04-22,1
77778,2019-04-22,4
47958,2019-04-22,2
77778,2019-04-22,1
47958,2019-04-22,1
77778,2019-04-22,60
82028,2019-04-22,1
77778,2019-04-22,2
82028,2019-04-22,1
77778,2019-04-22,1
82028,2019-04-22,1
77778,2019-04-22,2
82028,2019-04-22,2
77778,2019-04-22,1
86938,2019-04-22,1
86938,2019-04-22,91
82028,2019-04-22,1
86938,2019-04-22,13
82028,2019-04-22,1
86938,2019-04-22,78
82028,2019-04-22,1
86938,2019-04-22,6
82028,2019-04-22,5
86938,2019-04-22,1
82028,2019-04-22,1
20818,2019-04-22,5
82028,2019-04-22,1
82028,2019-04-22,7
82028,2019-04-22,2
82028,2019-04-22,4
82028,2019-04-22,1
82028,2019-04-22,4
82028,2019-04-22,1
82028,2019-04-22,6
82028,2019-04-22,1
82028,2019-04-22,37
82028,2019-04-22,1
82028,2019-04-22,18
82028,2019-04-22,1
82028,2019-04-22,31
82028,2019-04-22,1
82028,2019-04-22,8
82028,2019-04-22,1
82028,2019-04-22,35
82028,2019-04-22,1
82028,2019-04-22,11
82028,2019-04-22,1
82028,2019-04-22,16
81448,2019-04-22,11
82028,2019-04-22,1
81448,2019-04-22,63
81448,2019-04-22,1
81448,2019-04-22,1
82028,2019-04-22,1
81448,2019-04-22,7
81448,2019-04-22,1
81448,2019-04-22,8
82028,2019-04-22,1
81448,2019-04-22,4
81448,2019-04-22,1
81448,2019-04-22,4
82818,2019-04-22,1
81448,2019-04-22,5
82818,2019-04-22,2
81448,2019-04-22,27
82818,2019-04-22,1
81448,2019-04-22,23
82818,2019-04-22,1
81448,2019-04-22,14
82818,2019-04-22,1
81448,2019-04-22,11
20818,2019-04-22,1
81448,2019-04-22,1
20818,2019-04-22,1
20568,2019-04-22,1
81448,2019-04-22,2
81448,2019-04-22,3
20568,2019-04-22,17
81448,2019-04-22,1
20568,2019-04-22,1
82818,2019-04-22,2
20568,2019-04-22,2
20818,2019-04-22,4
20568,2019-04-22,8
20818,2019-04-22,1
82818,2019-04-22,1
20818,2019-04-22,3
20568,2019-04-22,2
20818,2019-04-22,4
20568,2019-04-22,1
20818,2019-04-22,1
20568,2019-04-22,2
20818,2019-04-22,9
20568,2019-04-22,1
20818,2019-04-22,2
20568,2019-04-22,3
20818,2019-04-22,3
20568,2019-04-22,2
20818,2019-04-22,1
20568,2019-04-22,2
20818,2019-04-22,1
20568,2019-04-22,4
20818,2019-04-22,1
82818,2019-04-22,1
20568,2019-04-22,5
20818,2019-04-22,1
20568,2019-04-22,1
20818,2019-04-22,1
20568,2019-04-22,1
20818,2019-04-22,1
20568,2019-04-22,25
20818,2019-04-22,1
20568,2019-04-22,2
82818,2019-04-22,1
20568,2019-04-22,4
20818,2019-04-22,1
20568,2019-04-22,9
20818,2019-04-22,1
20568,2019-04-22,1
20818,2019-04-22,2
82028,2019-04-22,1
20568,2019-04-22,1
20818,2019-04-22,1
20568,2019-04-22,2
20818,2019-04-22,2
20568,2019-04-22,2
82028,2019-04-22,1
20568,2019-04-22,3
20818,2019-04-22,46
82028,2019-04-22,2
20818,2019-04-22,9
82028,2019-04-22,16
82028,2019-04-22,9
82818,2019-04-22,1
82028,2019-04-22,1
82028,2019-04-22,1
82028,2019-04-22,15
82818,2019-04-22,1
82028,2019-04-22,28
82818,2019-04-22,1
82028,2019-04-22,82
82818,2019-04-22,1
82028,2019-04-22,2
82818,2019-04-22,1
82028,2019-04-22,10
82818,2019-04-22,1
82028,2019-04-22,53
82028,2019-04-22,25
82818,2019-04-22,1
82028,2019-04-22,27
82818,2019-04-22,1
82028,2019-04-22,38
82818,2019-04-22,1
82028,2019-04-22,37
82818,2019-04-22,1
82028,2019-04-22,11
82818,2019-04-22,1
82028,2019-04-22,7
82818,2019-04-22,1
82028,2019-04-22,14
82818,2019-04-22,1
82028,2019-04-22,2
82818,2019-04-22,1
82028,2019-04-22,1
82818,2019-04-22,25
82028,2019-04-22,1
82818,2019-04-22,2
82028,2019-04-22,1
82818,2019-04-22,10
82028,2019-04-22,1
82818,2019-04-22,6
82028,2019-04-22,2
82818,2019-04-22,66
89148,2019-04-22,6
82028,2019-04-22,1
81448,2019-04-22,11
82818,2019-04-22,1
81448,2019-04-22,2
85348,2019-04-22,2
89148,2019-04-22,25
81448,2019-04-22,1
89148,2019-04-22,12
81448,2019-04-22,1
89148,2019-04-22,7
85348,2019-04-22,1
89148,2019-04-22,5
85348,2019-04-22,1
89148,2019-04-22,5
85348,2019-04-22,1
89148,2019-04-22,2
85348,2019-04-22,1
89148,2019-04-22,1
85348,2019-04-22,1
89148,2019-04-22,1
85348,2019-04-22,2
89148,2019-04-22,6
85348,2019-04-22,1
89148,2019-04-22,12
85348,2019-04-22,1
89148,2019-04-22,17
81448,2019-04-22,1
89148,2019-04-22,11
81448,2019-04-22,1
89148,2019-04-22,12
85348,2019-04-22,1
89148,2019-04-22,4
81448,2019-04-22,1
89148,2019-04-22,4
81448,2019-04-22,2
89148,2019-04-22,1
81448,2019-04-22,1
89148,2019-04-22,1
81448,2019-04-22,1
89148,2019-04-22,1
81448,2019-04-22,1
89148,2019-04-22,4
81448,2019-04-22,2
89148,2019-04-22,6
81448,2019-04-22,1
89148,2019-04-22,1
81448,2019-04-22,1
85348,2019-04-22,1
81448,2019-04-22,2
89148,2019-04-22,1
81448,2019-04-22,1
89148,2019-04-22,2
81448,2019-04-22,1
89148,2019-04-22,1
81448,2019-04-22,1
89148,2019-04-22,2
81448,2019-04-22,1
89148,2019-04-22,3
81448,2019-04-22,3
89148,2019-04-22,1
85348,2019-04-22,7
81448,2019-04-22,1
85348,2019-04-22,4
85398,2019-04-22,1
85348,2019-04-22,3
85398,2019-04-22,2
85348,2019-04-22,5
85398,2019-04-22,1
85348,2019-04-22,1
85398,2019-04-22,1
85348,2019-04-22,9
85398,2019-04-22,1
85348,2019-04-22,1
85398,2019-04-22,2
85348,2019-04-22,5
85398,2019-04-22,1
85348,2019-04-22,3
85398,2019-04-22,1
85348,2019-04-22,1
85398,2019-04-22,1
85348,2019-04-22,4
85398,2019-04-22,1
85348,2019-04-22,1
85398,2019-04-22,1
85348,2019-04-22,9
85398,2019-04-22,1
85348,2019-04-22,2
85398,2019-04-22,1
85348,2019-04-22,4
85398,2019-04-22,1
EXTRA,2019-04-22,1
85348,2019-04-22,6
EXTRA,2019-04-22,1
85348,2019-04-22,2
EXTRA,2019-04-22,1
85348,2019-04-22,11
EXTRA,2019-04-22,1
85348,2019-04-22,6
EXTRA,2019-04-22,3
85348,2019-04-22,1
85398,2019-04-22,1
EXTRA,2019-04-22,1
85348,2019-04-22,1
EXTRA,2019-04-22,1
85348,2019-04-22,10
85398,2019-04-22,1
85348,2019-04-22,12
EXTRA,2019-04-22,1
85348,2019-04-22,19
EXTRA,2019-04-22,1
85348,2019-04-22,16
EXTRA,2019-04-22,1
85348,2019-04-22,2
EXTRA,2019-04-22,1
85348,2019-04-22,18
